reads	plus	minus	chrom	peak_pos	mismatches_vs_guide	strand	bidirectional_geomean
99932	92497	7435	chr1	94532967	2	-	26224.3244908234
19985	10113	9872	chr2	136115798	0	+	9991.773416165921
9167	4905	4262	chr6	44674204	3	+	4572.210625069672
7118	3913	3205	chr3	93470361	6	+	3541.3507310064615
4912	2754	2158	chr20	25325577	3	+	2437.8539742978865
4104	1636	2468	chr13	21556054	4	-	2009.389957176058
3620	1597	2023	chr13	99215826	4	-	1797.4234336961338
3348	1510	1838	chr15	86917170	4	+	1665.9471780341657
3302	2384	918	chr9	84428210	3	-	1479.3620246579267
3116	1662	1454	chr5	99660162	4	-	1554.5250078400154
2927	1483	1444	chr5	169545864	4	-	1463.3700830616976
2830	1561	1269	chr8	28732210	2	+	1407.4476899693288
2671	1400	1271	chrUn_KI270467v1	3034	99	None	1333.9415279539055
2327	1196	1131	chr7	31831762	3	+	1163.0460008099421
1981	1044	937	chr13	31105137	4	+	989.0540935661709
1509	1110	399	chr17	27918958	3	-	665.4998121712732
1288	703	585	chrX	140977283	3	-	641.2916653130618
1131	876	255	chr4	103773826	5	-	472.6309342393915
935	522	413	chr16	46390579	14	+	464.3123948377859
867	443	424	chr4	163619134	4	+	433.39589292008753
667	353	314	chr9	4923182	4	-	332.9294219500584
620	275	345	chrX	71533737	3	-	308.0178566252288
542	0	542	chr14	103837174	12	+	0.0
541	272	269	chr12	62911735	4	-	270.4958410031474
533	0	533	chr19	23229171	10	+	0.0
486	245	241	chr2	19705724	4	-	242.99176940793694
451	28	423	chrUn_KI270438v1	104161	13	+	108.83014288330233
438	0	438	chr1	64502426	12	-	0.0
432	0	432	chr4	55965437	12	-	0.0
424	0	424	chr6	122701708	14	+	0.0
394	160	234	chr11	14410397	3	+	193.49418595916518
382	382	0	chr2	35943523	14	+	0.0
382	229	153	chrX	128714527	3	-	187.18172987767795
380	213	167	chr1	197752002	4	+	188.6027571378531
373	221	152	chr13	101503808	4	+	183.28120471013932
365	271	94	chr4	73509198	3	+	159.60576430693223
364	364	0	chr1	190901538	13	+	0.0
354	231	123	chrUn_KI270466v1	937	12	+	168.56156145456177
345	0	345	chr12	47323015	8	+	0.0
