AAVS1_site_1	+	chr19	55115744	55115761
AAVS1_site_10	+	chr19	55116262	55116279
AAVS1_site_13	-	chr19	55115767	55115774
AAVS1_site_14	-	chr19	55115748	55115755
AAVS1_site_2	+	chr19	55115756	55115773
AAVS1_site_3	+	chr19	55115811	55115828
AAVS1_site_4	+	chr19	55115851	55115868
AAVS1_site_7	+	chr19	55115765	55115782
AAVS1_site_8	+	chr19	55115887	55115904
B2M_site_1	+	chr15	44711539	44711556
B2M_site_1	+	chr15_KI270849v1_alt	34888	34905
B2M_site_3	-	chr15	44711562	44711569
B2M_site_3	-	chr15_KI270849v1_alt	34911	34918
B2M_site_4	-	chr15	44711541	44711548
B2M_site_4	-	chr15_KI270849v1_alt	34890	34897
CBLB_site_10	-	chr3	105867476	105867483
CBLB_site_4	-	chr3	105867536	105867543
CBLB_site_5	+	chr3	105867528	105867545
CBLB_site_6	+	chr3	105867527	105867544
CBLB_site_9	-	chr3	105867486	105867493
CCR5_site_13	+	chr3	46373483	46373500
CCR5_site_16	-	chr3	46373431	46373438
CCR5_site_5	+	chr3	46373169	46373186
CCR5_site_8	-	chr3	46373129	46373136
CCR5_site_9	-	chr3	46373261	46373268
CTLA4_site_1	+	chr2	203870589	203870606
CTLA4_site_10	-	chr2	203870795	203870802
CTLA4_site_2	+	chr2	203870595	203870612
CTLA4_site_3	+	chr2	203870608	203870625
CTLA4_site_5	+	chr2	203870694	203870711
CTLA4_site_7	-	chr2	203870618	203870625
CTLA4_site_9	+	chr2	203870827	203870844
CXCR4_site_1	-	chr2	136115877	136115884
CXCR4_site_10	-	chr2	136115613	136115620
CXCR4_site_2	+	chr2	136115826	136115843
CXCR4_site_3	+	chr2	136115780	136115797
CXCR4_site_4	-	chr2	136115743	136115750
CXCR4_site_5	-	chr2	136115696	136115703
FAS_site_2	+	chr10	88991146	88991163
FAS_site_3	+	chr10	88991166	88991183
LAG3_site_9	-	chr12	6773276	6773283
LAG_site_3	-	chr12	6772869	6772876
PDCD1_site_1	-	chr2	241858801	241858808
PDCD1_site_1	-	chr2_KI270776v1_alt	70899	70906
PDCD1_site_10	+	chr2	241852942	241852959
PDCD1_site_10	+	chr2_KI270776v1_alt	65040	65057
PDCD1_site_11	+	chr2	241852900	241852917
PDCD1_site_11	+	chr2_KI270776v1_alt	64998	65015
PDCD1_site_13	-	chr2	241852725	241852732
PDCD1_site_13	-	chr2_KI270776v1_alt	64823	64830
PDCD1_site_5	-	chr2	241852916	241852923
PDCD1_site_5	-	chr2_KI270776v1_alt	65014	65021
PDCD1_site_7	+	chr2	241852952	241852969
PDCD1_site_7	+	chr2_KI270776v1_alt	65050	65067
PDCD1_site_8	+	chr2	241852930	241852947
PDCD1_site_8	+	chr2_KI270776v1_alt	65028	65045
PTPN2_site_1	+	chr18	12859204	12859221
PTPN2_site_3	+	chr18	12840738	12840755
PTPN6_site_1	-	chr12	6952114	6952121
PTPN6_site_2	+	chr12	6951987	6952004
PTPN6_site_3	+	chr12	6952025	6952042
PTPN6_site_4	+	chr12	6951610	6951627
PTPN6_site_5	+	chr12	6951642	6951659
PTPN6_site_8	+	chr12	6952054	6952071
TRAC_site_1	-	chr14	22547499	22547506
TRAC_site_2	-	chr14	22547515	22547522
TRAC_site_3	-	chr14	22547572	22547579
TRAC_site_4	+	chr14	22547756	22547773
