AAVS1_site_1	GTCACCAATCCTGTCCCTAG
AAVS1_site_10	GGGAACCCAGCGAGTGAAGA
AAVS1_site_13	GTCCCCTCCACCCCACAGTG
AAVS1_site_14	GGGGCCACTAGGGACAGGAT
AAVS1_site_3	GAGCCACATTAACCGGCCCT
AAVS1_site_4	GCTCGGGGACACAGGATCCC
AAVS1_site_7	GGCCCCACTGTGGGGTGGAG
AAVS1_site_8	GCTGTCCTGAAGTGGACATA
AAVS1_site_2	GTCCCTAGTGGCCCCACTGT
B2M_site_1	GGCCGAGATGTCTCGCTCCG
B2M_site_3	GAGTAGCGCGAGCACAGCTA
B2M_site_4	GGCCACGGAGCGAGACATCT
CBLB_site_10	GATGCTATTCAGGATGCAGT
CBLB_site_4	GGCAGAAACCCTGGTGGTCG
CBLB_site_5	GATTTCCTCCTCGACCACCA
CBLB_site_6	GGATTTCCTCCTCGACCACC
CBLB_site_9	GGGTATTATTGATGCTATTC
CCR5_site_13	GACATTAAAGATAGTCATCT
CCR5_site_16	GTATGGAAAATGAGAGCTGC
CCR5_site_5	GCTGCCGCCCAGTGGGACTT
CCR5_site_8	GGACAGTAAGAAGGAAAAAC
CCR5_site_9	GGTACCTATCGATTGTCAGG
CTLA4_site_1	GCACGTGGCCCAGCCTGCTG
CTLA4_site_10	GAGGTTCACTTGATTTCCAC
CTLA4_site_2	GGCCCAGCCTGCTGTGGTAC
CTLA4_site_3	GTGGTACTGGCCAGCAGCCG
CTLA4_site_5	GCTTCGGCAGGCTGACAGCC
CTLA4_site_7	GCTGGCGATGCCTCGGCTGC
CTLA4_site_9	GGACTGAGGGCCATGGACAC
CXCR4_site_1	GATAACTACACCGAGGAAAT
CXCR4_site_10	GCCGTGGCAAACTGGTACTT
CXCR4_site_2	GCATTTTCTTCACGGAAACA
CXCR4_site_3	GAAGATGATGGAGTAGATGG
CXCR4_site_4	GGGCAATGGATTGGTCATCC
CXCR4_site_5	GAAGCATGACGGACAAGTAC
FAS_site_2	GCTGACCCCGCTGGGCAGGC
FAS_site_3	GGGGCAGCTCCGGCGCTCCT
LAG_site_3	GCTGCAGAAACAGCAAGCCC
LAG3_site_9	GAAGGCTGAGATCCTGGAGG
PDCD1_site_1	GGCGCCCTGGCCAGTCGTCT
PDCD1_site_10	GGAGAAGGTGGGGGGGTTCC
PDCD1_site_11	GAAGGTGGCGTTGTCCCCTT
PDCD1_site_13	GCGTGACTTCCACATGAGCG
PDCD1_site_5	GCCCTGCTCGTGGTGACCGA
PDCD1_site_7	GGGGGGTTCCAGGGCCTGTC
PDCD1_site_8	GAGCAGGGCTGGGGAGAAGG
PTPN2_site_1	GGAAACTTGGCCACTCTATG
PTPN2_site_3	GTCTCCCTGATCCATCCAGT
PTPN6_site_1	GGTGGATGATGGTGCCGTCG
PTPN6_site_2	GGGATCAGGTGACCCATATT
PTPN6_site_3	GATTTCTATGACCTGTATGG
PTPN6_site_4	GGTTTCACCGAGACCTCAGT
PTPN6_site_5	GAGACCCTGCTCAAGGGCCG
PTPN6_site_8	GTTTGCGACTCTGACAGAGC
TRAC_site_1	GTCAGGGTTCTGGATATCTG
TRAC_site_2	GCTGGTACACGGCAGGGTCA
TRAC_site_3	GAGAATCAAAATCGGTGAAT
TRAC_site_4	GACACCTTCTTCCCCAGCCC
